City_ID,City,Lat,Lng,Max Temp,Humidity,Cloudiness,Wind Speed,Country,Date
0,grytviken,-54.2811,-36.5092,5.53,96,100,6.73,GS,1712506152
1,port mathurin,-19.6833,63.4167,27.24,79,45,6.04,MU,1712506152
2,yellowknife,62.456,-114.3525,1.34,91,75,7.2,CA,1712506016
3,beloyarskiy,63.7119,66.6722,-3.33,75,100,5.81,RU,1712506153
4,port-aux-francais,-49.35,70.2167,5.24,69,100,6.04,TF,1712506153
5,talcahuano,-36.7167,-73.1167,13.94,69,90,3.65,CL,1712506153
6,port douglas,-16.4833,145.4667,26.88,76,99,1.22,AU,1712506153
7,moss bluff,30.3027,-93.1907,25.1,80,75,4.63,US,1712505877
8,brak,27.5496,14.2714,29.81,6,0,3.79,LY,1712506153
9,avarua,-21.2078,-159.775,25.03,94,100,1.03,CK,1712506153
10,cacheu,12.2706,-16.1658,39.88,13,79,3.18,GW,1712506153
11,talnakh,69.4865,88.3972,-7.66,93,100,6.68,RU,1712506154
12,adamstown,-25.066,-130.1015,22.82,75,32,4.35,PN,1712506154
13,margate,51.3813,1.3862,16.04,57,100,5.36,GB,1712506154
14,la chapelle-saint-mesmin,47.8865,1.8345,19.47,68,0,4.12,FR,1712506154
15,westport,41.1415,-73.3579,11.12,50,100,4.12,US,1712506097
16,papatowai,-46.5619,169.4708,8.79,96,100,2.42,NZ,1712506154
17,kokopo,-4.352,152.2633,25.27,91,100,4.16,PG,1712506154
18,nago,26.5881,127.9761,22.24,93,100,1.14,JP,1712506155
19,pariaman,-0.619,100.12,27.03,86,100,1.89,ID,1712506155
20,whitehorse,60.7161,-135.0538,-2.77,73,98,5.81,CA,1712506155
21,cabo san lucas,22.8909,-109.9124,22.51,74,75,2.06,MX,1712506116
22,tolanaro,-25.0319,46.9987,23.68,91,31,3.15,MG,1712506155
23,aasiaat,68.7098,-52.8699,-4.89,71,100,0.65,GL,1712506155
24,selfoss,63.9331,-20.9971,2.8,45,100,13.65,IS,1712506155
25,olonkinbyen,70.9221,-8.7187,-4.73,65,99,8.36,SJ,1712506155
26,konarka,19.9,86.1167,25.22,70,31,3.48,IN,1712506156
27,bethel,41.3712,-73.414,10.12,54,100,4.12,US,1712505977
28,ushuaia,-54.8,-68.3,8.81,49,40,8.23,AR,1712506005
29,al bardiyah,31.7561,25.0865,18.55,59,0,9.0,LY,1712506156
30,sinabang,2.4803,96.3801,26.95,85,99,1.37,ID,1712505937
31,ust-nera,64.5667,143.2,-17.55,100,65,1.37,RU,1712506156
32,north bellport,40.7743,-72.9429,10.75,56,100,5.66,US,1712506156
33,sisophon,13.5859,102.9737,30.36,64,10,4.06,KH,1712506156
34,sitka,57.0531,-135.33,5.94,61,100,6.69,US,1712506156
35,mirnyy,62.5353,113.9611,-5.43,83,100,4.47,RU,1712505943
36,stanley,54.868,-1.6985,12.77,66,20,11.83,GB,1712505859
37,kodinsk,58.6881,99.1844,-2.53,96,100,4.89,RU,1712506157
38,constantia,44.1833,28.65,15.39,86,42,3.65,RO,1712505872
39,chonchi,-42.6128,-73.8092,11.18,97,100,0.64,CL,1712506157
40,naze,28.3667,129.4833,19.7,94,100,2.76,JP,1712506158
41,college,64.8569,-147.8028,-0.52,68,75,1.54,US,1712505979
42,kapuskasing,49.4169,-82.4331,6.09,67,21,1.22,CA,1712506158
43,praia da vitoria,38.7333,-27.0667,17.64,90,84,5.65,PT,1712506158
44,waitangi,-43.9535,-176.5597,12.12,83,46,1.79,NZ,1712506122
45,san antonio de pale,-1.4014,5.6325,29.08,76,71,4.79,GQ,1712506158
46,yeed,4.55,43.0333,31.56,51,98,2.78,SO,1712506158
47,anadyr,64.75,177.4833,-20.56,83,0,5.0,RU,1712506158
48,isafjordur,66.0755,-23.124,-1.98,80,75,11.83,IS,1712506158
49,verkhovazh'ye,60.7472,42.0465,0.08,71,61,0.86,RU,1712506159
50,labrador city,52.9463,-66.9114,1.7,60,59,2.12,CA,1712506159
51,west island,-12.1568,96.8225,27.99,83,6,4.12,CC,1712506105
52,bilibino,68.0546,166.4372,-20.43,100,100,1.49,RU,1712506159
53,tarnogskiy gorodok,60.4997,43.5761,-1.99,85,53,0.57,RU,1712506159
54,puerto natales,-51.7236,-72.4875,11.25,43,40,12.86,CL,1712506159
55,fort bragg,35.139,-79.006,17.12,40,0,2.57,US,1712505920
56,kapa'a,22.0752,-159.319,21.99,91,100,11.83,US,1712506159
57,tsiombe,-25.3,45.4833,23.06,88,65,4.85,MG,1712506159
58,bubaque,11.2833,-15.8333,25.66,64,86,5.69,GW,1712506160
59,vorgashor,67.5833,63.95,-7.33,87,100,5.96,RU,1712506160
60,qaqortoq,60.7167,-46.0333,-1.19,95,100,1.9,GL,1712506160
61,bredasdorp,-34.5322,20.0403,17.38,85,100,12.84,ZA,1712506160
62,toungo,8.1167,12.05,36.16,21,69,1.44,NG,1712506160
63,blackmans bay,-43.0167,147.3167,11.96,94,84,0.45,AU,1712506160
64,kingston,17.997,-76.7936,32.87,65,20,3.09,JM,1712505940
65,dongola,19.1667,30.4833,31.06,8,9,6.59,SD,1712506160
66,okha,53.5739,142.9478,-2.64,96,100,9.83,RU,1712506160
67,nuriootpa,-34.4833,139.0,13.14,81,4,1.63,AU,1712506160
68,jincheng,35.5022,112.8328,14.46,54,100,1.54,CN,1712506161
69,hamilton,39.1834,-84.5333,14.58,48,0,5.66,US,1712505951
70,wailua homesteads,22.0669,-159.378,21.24,91,100,11.83,US,1712506161
71,iskateley,67.6803,53.1512,-9.99,94,78,4.47,RU,1712506161
72,tokar,18.4254,37.729,28.61,67,74,5.49,SD,1712506161
73,tiksi,71.6872,128.8694,-9.18,79,100,8.27,RU,1712506161
74,hami,42.8,93.45,13.39,33,25,3.25,CN,1712506123
75,porto belo,-27.1578,-48.5531,25.38,90,100,5.55,BR,1712506016
76,thompson,55.7435,-97.8558,2.8,96,100,2.57,CA,1712506161
77,longyearbyen,78.2186,15.6401,-17.09,66,0,3.09,SJ,1712506092
78,magadan,59.5667,150.8,-6.37,84,83,6.71,RU,1712506162
79,ancud,-41.8697,-73.8203,12.57,97,100,1.85,CL,1712506162
80,albany,42.6001,-73.9662,9.77,58,74,2.24,US,1712506011
81,afaahiti,-17.75,-149.2833,25.93,84,100,4.79,PF,1712506162
82,vilyuysk,63.7553,121.6247,-12.22,95,48,2.24,RU,1712506162
83,namtsy,62.7161,129.6658,-15.85,99,76,2.34,RU,1712506162
84,susuman,62.7833,148.1667,-21.68,100,84,0.89,RU,1712506162
85,beira,-19.8436,34.8389,26.15,81,71,4.9,MZ,1712506162
86,jianguang,28.1938,115.7836,14.87,95,100,2.05,CN,1712506163
87,bomdila,27.25,92.4,6.27,54,99,3.42,IN,1712506163
88,khandyga,62.6667,135.6,-8.16,98,100,1.93,RU,1712506163
89,la ronge,55.1001,-105.2842,3.76,92,84,0.29,CA,1712506163
90,hermanus,-34.4187,19.2345,16.56,84,100,12.89,ZA,1712506163
91,poronaysk,49.2167,143.1167,0.3,53,26,4.66,RU,1712506163
92,tynda,55.1667,124.7167,-21.77,95,15,1.95,RU,1712506163
93,cefalu,38.0386,14.0229,20.86,55,0,2.24,IT,1712506163
94,petropavlovsk-kamchatsky,53.0452,158.6483,-2.35,74,67,2.68,RU,1712506163
95,ribeira grande,38.5167,-28.7,18.76,88,40,10.73,PT,1712506164
96,luwingu,-10.2621,29.9271,19.45,91,100,1.97,ZM,1712506164
97,uruguaiana,-29.7547,-57.0883,19.43,85,100,3.64,BR,1712506026
98,remire-montjoly,4.9167,-52.2667,31.02,62,100,5.14,GF,1712506164
99,badger,64.8,-147.5333,-0.57,74,100,1.54,US,1712506164
100,st. john's,47.5649,-52.7093,4.04,82,75,7.72,CA,1712505961
101,puerto ayora,-0.7393,-90.3518,29.98,91,37,0.45,EC,1712506164
102,gioia tauro,38.424,15.899,21.82,62,5,1.36,IT,1712506164
103,dudinka,69.4058,86.1778,-7.4,94,100,9.39,RU,1712506165
104,chapaev,50.2,51.1667,9.78,78,54,4.59,KZ,1712506165
105,howard springs,-12.497,131.047,25.95,95,63,2.29,AU,1712506165
106,east london,-33.0153,27.9116,18.52,94,100,6.17,ZA,1712506111
107,puerto asis,0.5133,-76.5007,31.64,52,59,0.99,CO,1712506165
108,cheremushki,52.8356,91.3944,6.36,94,99,1.26,RU,1712506165
109,georgetown,5.4112,100.3354,29.97,73,20,2.24,MY,1712505948
110,elin-yurt,43.6731,44.9589,16.67,56,100,3.82,RU,1712506165
111,yacuiba,-22.038,-63.6797,21.84,98,100,2.04,BO,1712506165
112,agudos,-22.4692,-48.9875,29.52,53,91,3.68,BR,1712506061
113,lucapa,-8.4192,20.7447,20.31,95,100,0.66,AO,1712506166
114,belawan,3.7755,98.6832,28.16,90,47,2.49,ID,1712506166
115,itagiba,-14.2836,-39.8428,30.16,50,65,2.43,BR,1712506166
116,st. paul,44.9444,-93.0933,6.88,78,100,9.77,US,1712505892
117,juneau,58.3019,-134.4197,3.0,89,100,7.72,US,1712506120
118,sao joao da barra,-21.6403,-41.0511,30.05,71,4,3.37,BR,1712506071
119,bikenibeu village,1.3673,173.1241,27.98,83,20,3.6,KI,1712506166
120,port macquarie,-31.4333,152.9167,17.72,91,6,1.9,AU,1712506085
121,hassi messaoud,31.6804,6.0729,34.78,7,11,4.96,DZ,1712506166
122,achinsk,56.2694,90.4993,-5.17,79,70,4.47,RU,1712506167
123,ankola,14.6667,74.3,27.02,78,6,0.7,IN,1712506167
124,santyoku,37.4406,129.1708,14.01,59,100,3.97,KR,1712506167
125,saint-philippe,-21.3585,55.7679,24.51,84,25,2.16,RE,1712506167
126,crane,31.3974,-102.3501,15.46,14,88,3.89,US,1712506167
127,brezina,33.0989,1.2608,29.61,11,100,7.57,DZ,1712506167
128,tamanrasset,22.785,5.5228,30.95,8,0,6.69,DZ,1712506167
129,tazovsky,67.4667,78.7,-5.98,86,100,10.67,RU,1712506167
130,fale old settlement,-9.3852,-171.2468,29.14,74,6,2.18,TK,1712506167
131,mount gambier,-37.8333,140.7667,10.8,94,13,2.13,AU,1712506168
132,haiku-pauwela,20.9219,-156.3051,21.13,85,20,9.26,US,1712506168
133,weno,7.4515,151.8468,27.97,94,100,2.57,FM,1712506168
134,zelenoborskiy,66.845,32.3622,-3.66,94,100,4.12,RU,1712506168
135,gorontalo,0.5412,123.0595,23.38,98,100,1.71,ID,1712506169
136,san luis,-33.295,-66.3356,27.86,29,0,2.79,AR,1712506101
137,olovyannaya,50.95,115.5667,-5.67,17,0,1.68,RU,1712506169
138,vadso,70.0744,29.7487,-3.51,74,100,7.2,NO,1712506170
139,pont rouge,48.8833,-72.0825,8.69,46,6,3.21,CA,1712506170
140,edinburgh of the seven seas,-37.0676,-12.3116,18.79,93,100,8.57,SH,1712506170
141,opuwo,-18.0607,13.84,30.51,31,64,6.62,NA,1712506170
142,fuerte olimpo,-21.0415,-57.8738,37.87,32,45,3.21,PY,1712506136
143,shchyolkino,45.4291,35.8223,10.87,69,1,4.77,UA,1712506170
144,feuchtwangen,49.1667,10.3333,22.7,69,90,2.1,DE,1712505961
145,carnarvon,-24.8667,113.6333,23.92,74,0,8.89,AU,1712506171
146,puerto gaitan,4.3133,-72.0816,31.77,53,100,1.75,CO,1712506171
147,lobujya,27.95,86.8167,-14.56,88,94,0.28,NP,1712506171
148,mamadysh,55.7152,51.408,2.6,97,100,2.82,RU,1712506171
149,bakanas,44.8081,76.2772,17.05,39,31,0.51,KZ,1712506171
150,alajarvi,63.0,23.8167,3.09,100,100,5.26,FI,1712506171
151,playa del ingles,27.7567,-15.5787,23.86,61,40,3.13,ES,1712506150
152,atafu village,-8.5421,-172.5159,29.33,75,98,2.45,TK,1712506171
153,andreapol',56.6513,32.2664,10.13,81,100,3.77,RU,1712506172
154,lospalos,-8.5186,127.0025,23.38,93,49,0.87,TL,1712506172
155,pedra branca,-5.4542,-39.7172,29.52,59,69,2.38,BR,1712505990
156,korla,41.7597,86.1469,15.82,27,88,1.81,CN,1712506172
157,iqaluit,63.7506,-68.5145,-10.15,66,75,8.23,CA,1712506172
158,keflavik,64.0049,-22.5624,2.24,60,75,14.92,IS,1712506065
159,hawaiian paradise park,19.5933,-154.9731,18.91,97,75,3.6,US,1712506172
160,haapavesi,64.1333,25.3667,0.85,93,100,1.79,FI,1712506172
161,invercargill,-46.4,168.35,8.9,92,70,1.34,NZ,1712506172
162,acara,-1.9608,-48.1967,27.35,85,99,1.19,BR,1712506173
163,nar'yan-mar,67.6713,53.087,-9.94,94,77,4.47,RU,1712506173
164,fort mcmurray,56.7268,-111.381,2.77,87,75,0.51,CA,1712505924
165,geraldton,-28.7667,114.6,18.23,88,40,2.06,AU,1712506022
166,bardai,11.65,7.2333,35.5,21,100,1.71,NG,1712506173
167,formosa do rio preto,-11.0483,-45.1931,29.23,64,54,2.53,BR,1712506173
168,brigantine,39.4101,-74.3646,13.44,58,100,6.69,US,1712506173
169,arar,30.9753,41.0381,26.01,8,0,5.66,SA,1712506081
170,lebu,-37.6167,-73.65,16.01,69,100,4.5,CL,1712506173
171,sirte,31.2089,16.5887,20.24,45,0,4.05,LY,1712506174
172,el calafate,-50.3408,-72.2768,7.82,55,7,5.94,AR,1712506109
173,kodiak,57.79,-152.4072,0.73,93,100,2.57,US,1712506174
174,yuzhno-kurilsk,44.0306,145.8556,2.43,88,100,3.21,RU,1712506103
175,yauya,-8.9833,-77.3,15.61,59,82,1.71,PE,1712506174
176,egilsstadir,65.2653,-14.3948,0.02,97,100,10.89,IS,1712506052
177,tbeng meanchey,13.8167,104.9667,31.02,38,51,1.03,KH,1712506174
178,thomson,33.4707,-82.5046,17.46,41,0,3.09,US,1712506174
179,lagoa,39.05,-27.9833,15.1,88,83,6.87,PT,1712506174
180,colonia,50.9333,6.95,23.87,48,0,1.03,DE,1712506175
181,sur,22.5667,59.5289,28.69,45,0,4.84,OM,1712505961
182,udachny,66.4167,112.4,-13.26,78,100,7.34,RU,1712505962
183,shahrinav,38.5709,68.335,16.55,42,7,3.77,TJ,1712506175
184,el-tor,28.2364,33.6254,23.37,40,0,9.54,EG,1712506175
185,al ghayzah,16.2079,52.176,27.71,64,41,5.85,YE,1712506012
186,sao gabriel da cachoeira,-0.1303,-67.0892,27.89,78,75,2.06,BR,1712505910
187,kolonia,50.9333,6.95,23.87,48,0,1.03,DE,1712506175
188,karaton,-6.3424,106.1045,23.42,96,79,1.54,ID,1712506176
189,hasaki,35.7333,140.8333,16.27,94,93,2.55,JP,1712506176
190,medina,24.4686,39.6142,32.24,19,20,6.17,SA,1712505969
191,punta del este,-34.9667,-54.95,25.06,73,40,5.36,UY,1712506176
192,midvagur,62.0511,-7.1939,8.46,93,100,9.77,FO,1712506176
193,guerrero negro,27.9769,-114.0611,17.13,41,4,4.74,MX,1712506176
194,shira,54.4911,89.9531,-2.39,90,100,3.34,RU,1712506176
195,jamestown,42.097,-79.2353,11.96,40,0,4.12,US,1712505938
196,kayes,14.0,-11.0,40.87,9,99,3.76,ML,1712506176
197,belyy yar,53.6039,91.3903,7.94,66,0,8.0,RU,1712506176
198,flying fish cove,-10.4217,105.6791,27.82,78,100,4.63,CX,1712506124
199,san luis de la loma,17.2706,-100.8939,30.29,41,0,2.81,MX,1712506177
200,minas de marcona,-15.2119,-75.1103,22.02,63,68,5.68,PE,1712506177
201,vilyuchinsk,52.9306,158.4028,-1.53,72,91,2.97,RU,1712506177
202,kailua-kona,19.6406,-155.9956,22.98,90,40,4.12,US,1712506126
203,penzance,50.1186,-5.5371,12.38,88,74,11.17,GB,1712506177
204,hithadhoo,-0.6,73.0833,29.08,73,100,1.54,MV,1712506177
205,enewetak,11.3474,162.3373,27.36,75,85,9.18,MH,1712506177
206,guercif,34.2257,-3.3536,29.24,25,100,6.44,MA,1712506177
207,margaret river,-33.95,115.0667,14.81,81,1,7.28,AU,1712506136
208,nadym,65.5333,72.5167,-4.46,80,100,13.4,RU,1712506178
209,ataq,14.5377,46.8319,25.99,36,13,8.36,YE,1712506178
210,kidal,18.4411,1.4078,39.31,4,7,7.53,ML,1712505881
211,tumpat,6.1978,102.171,27.74,81,37,1.6,MY,1712506178
212,rumoi,43.9344,141.6428,6.0,91,15,3.68,JP,1712506178
213,ndele,8.4109,20.6473,30.23,45,100,2.93,CF,1712506178
214,pacific grove,36.6177,-121.9166,12.45,74,0,3.58,US,1712506178
215,olyokminsk,60.3736,120.4264,-16.11,95,10,1.4,RU,1712506178
216,kavieng,-2.5744,150.7967,26.83,84,100,3.11,PG,1712506179
217,kourou,5.1552,-52.6478,31.03,61,84,4.23,GF,1712506179
218,tralee,52.2704,-9.7026,12.14,66,75,8.75,IE,1712506179
219,balod,20.73,81.2047,30.17,29,46,3.56,IN,1712506179
220,perry,37.2506,-83.1999,15.1,39,0,1.99,US,1712506179
221,coronel suarez,-37.4547,-61.9334,23.62,49,5,4.65,AR,1712506179
222,mili,6.0815,171.735,27.79,82,54,11.07,MH,1712506179
223,wernigerode,51.8333,10.7833,22.89,60,100,2.52,DE,1712506038
224,arraial do cabo,-22.9661,-42.0278,25.92,83,75,4.63,BR,1712506179
225,greenville,35.6127,-77.3663,16.75,42,0,3.09,US,1712505946
226,los llanos de aridane,28.6585,-17.9182,19.86,71,40,4.63,ES,1712505938
227,aykhal,66.0,111.5,-13.52,86,100,6.09,RU,1712506180
228,cruz alta,-28.6386,-53.6064,22.2,89,100,6.99,BR,1712506160
229,erenhot,43.6475,111.9767,9.6,46,19,4.03,CN,1712506180
230,staritsa,56.5075,34.9354,9.76,80,100,2.66,RU,1712506180
231,khamis mushait,18.3064,42.7292,20.58,64,40,5.14,SA,1712506027
232,richards bay,-28.783,32.0377,21.83,69,100,3.92,ZA,1712506180
233,dryden,49.7833,-92.7503,6.68,58,32,4.24,CA,1712506180
234,prince rupert,54.3161,-130.3201,4.05,87,100,9.77,CA,1712506180
235,port elizabeth,-33.918,25.5701,20.05,94,75,9.26,ZA,1712505988
236,cidreira,-30.1811,-50.2056,20.67,94,100,9.1,BR,1712506181
237,neiafu,-18.65,-173.9833,26.7,81,97,8.2,TO,1712506181
238,pangkalanbuun,-2.6833,111.6167,23.92,100,96,0.72,ID,1712505943
239,tongliao,43.6125,122.2653,4.33,24,96,7.06,CN,1712506181
240,borogontsy,62.6683,131.1683,-15.54,100,98,2.14,RU,1712506181
241,lihue,21.9789,-159.3672,21.58,90,100,11.83,US,1712506181
242,okhotsk,59.3833,143.3,-5.33,84,100,4.36,RU,1712505885
243,kuala terengganu,5.3302,103.1408,27.2,83,38,1.36,MY,1712506181
244,san patricio,28.017,-97.5169,26.92,79,100,2.42,US,1712506182
245,hancheng,32.5186,112.3522,13.17,87,87,1.57,CN,1712506182
246,sinop,41.7711,34.8709,7.22,77,63,1.95,TR,1712506025
247,pangkalpinang,-2.1333,106.1333,26.15,91,98,1.52,ID,1712506182
248,huanan,46.2167,130.5167,2.25,49,67,5.62,CN,1712506182
249,luderitz,-26.6481,15.1594,17.0,79,0,3.47,NA,1712506182
250,nemuro,43.3236,145.575,3.69,100,100,5.22,JP,1712506182
251,stonehaven,56.9637,-2.2118,14.21,61,38,9.81,GB,1712506182
252,ilulissat,69.2167,-51.1,-4.99,74,75,2.57,GL,1712506183
253,general acha,-37.377,-64.6043,24.2,29,23,3.89,AR,1712506163
254,tucuma,-0.1833,-50.05,29.91,63,96,2.92,BR,1712506183
255,sarkand,45.41,79.9186,10.63,70,66,2.21,KZ,1712506183
256,chake chake,-5.2459,39.7666,27.24,83,98,3.96,TZ,1712506183
257,bereeda,11.8704,51.0579,28.03,67,14,6.04,SO,1712506183
258,san jacinto,33.7839,-116.9586,14.75,62,0,1.34,US,1712506114
259,biltine,14.5333,20.9167,37.61,7,4,4.61,TD,1712505990
260,raduzhnyy,62.0961,77.475,-6.4,82,60,6.38,RU,1712506184
261,bodaybo,57.8506,114.1933,-18.74,95,41,1.56,RU,1712506184
262,punta arenas,-53.15,-70.9167,9.06,53,40,12.86,CL,1712506184
263,ulsteinvik,62.3432,5.8487,11.5,67,100,11.62,NO,1712506152
264,burang,30.25,81.1667,-11.01,74,10,1.97,CN,1712505915
265,polyarnyy,69.1989,33.4478,-5.1,82,100,3.46,RU,1712506184
266,sandnessjoen,66.0217,12.6316,8.06,87,75,6.69,NO,1712506184
267,la rinconada,37.4873,-5.9826,27.25,48,0,2.06,ES,1712506184
268,kolo,52.2002,18.6387,23.0,57,87,3.15,PL,1712506184
269,hirara,24.8,125.2833,24.25,86,100,4.78,JP,1712506185
270,road town,18.4167,-64.6167,30.02,70,40,3.09,VG,1712506185
271,saint-pierre,-21.3393,55.4781,24.55,85,21,2.74,RE,1712506063
272,trail,49.0998,-117.7022,7.6,90,99,1.44,CA,1712505936
273,antonio enes,-16.2325,39.9086,27.55,72,22,3.69,MZ,1712506185
274,camayenne,9.535,-13.6878,27.56,71,62,6.24,GN,1712506185
275,nyrob,60.733,56.7202,-0.27,99,100,2.17,RU,1712506185
276,touros,-5.1989,-35.4608,30.31,70,87,5.14,BR,1712506034
277,port lincoln,-34.7333,135.8667,15.18,65,40,2.6,AU,1712505971
278,matoury,4.8483,-52.3317,30.98,62,100,5.14,GF,1712506186
279,nabire,-3.3667,135.4833,25.0,92,89,1.25,ID,1712506186
280,xinmin,41.9908,122.8253,12.48,23,100,8.71,CN,1712506186
281,katabu,-4.9333,122.5167,24.86,96,100,0.67,ID,1712506186
282,aras-asan,8.8908,126.3033,24.44,84,40,1.73,PH,1712506186
283,manado,1.487,124.8455,24.43,100,40,1.54,ID,1712506186
284,hawera,-39.5917,174.2833,12.35,89,0,2.51,NZ,1712506148
285,tan-tan,28.438,-11.1032,19.7,65,40,10.1,MA,1712506186
286,contai,21.7786,87.7536,27.22,65,100,2.12,IN,1712506187
287,rio grande,-32.035,-52.0986,23.06,93,100,6.57,BR,1712505940
288,mount isa,-20.7333,139.5,19.87,49,44,4.12,AU,1712506187
289,sadovoye,47.7764,44.5089,14.92,49,27,3.18,RU,1712506187
290,nchelenge,-9.3451,28.734,23.0,83,99,0.8,ZM,1712506187
291,ribas do rio pardo,-20.4431,-53.7592,32.11,50,15,3.34,BR,1712506187
292,novodvinsk,64.4165,40.8122,-1.14,93,100,1.42,RU,1712506187
293,kirillov,59.863,38.3813,3.88,74,71,2.36,RU,1712506187
294,sarmiento,-45.5882,-69.07,14.26,39,18,8.91,AR,1712506187
295,antofagasta,-23.65,-70.4,20.6,74,64,4.05,CL,1712505664
296,pundong,-7.9522,110.3486,25.56,90,94,1.53,ID,1712506188
297,kuchinda,21.7333,84.35,26.88,39,8,2.05,IN,1712506188
298,miquelon,47.0975,-56.3814,4.0,77,100,12.56,PM,1712506188
299,coxen hole,16.3244,-86.5366,29.6,74,40,8.75,HN,1712506188
300,xining,36.6167,101.7667,8.88,63,84,1.2,CN,1712506120
301,svetlyy,54.675,20.1347,21.87,82,100,5.29,RU,1712505921
302,monrovia,6.3005,-10.7969,33.87,76,99,3.41,LR,1712506188
303,la passe,45.5549,-0.8967,17.13,94,100,3.77,FR,1712506189
304,saipan,15.1355,145.701,27.39,74,20,5.14,MP,1712506189
305,atar,20.5169,-13.0499,35.65,14,0,5.32,MR,1712506184
306,hede,33.7681,120.2517,11.18,68,100,1.97,CN,1712506189
307,tidjikja,18.5564,-11.4271,38.25,10,0,5.01,MR,1712506189
308,tsumeb,-19.2333,17.7167,27.73,42,99,3.7,NA,1712506189
309,amga,60.8953,131.9608,-10.67,98,100,1.35,RU,1712506189
310,kismayo,-0.3582,42.5454,29.5,73,100,4.35,SO,1712506189
311,malpura,26.2833,75.3833,30.25,9,2,3.12,IN,1712506189
312,adler,43.43,39.92,13.09,76,0,0.0,RU,1712505962
313,winnemucca,40.973,-117.7357,2.03,69,100,3.09,US,1712506190
314,saint-joseph,-21.3667,55.6167,23.95,84,22,2.46,RE,1712506190
315,sisimiut,66.9395,-53.6735,-2.71,77,99,3.91,GL,1712506190
316,sudden valley,48.7229,-122.3466,7.89,88,75,4.63,US,1712506190
317,smara,26.7384,-11.6719,25.46,35,1,9.76,EH,1712506190
318,bridgewater,44.3835,-64.5155,6.17,78,100,4.47,CA,1712506107
319,rakops,-21.0167,24.3333,26.22,55,86,6.75,BW,1712506190
320,chinde,26.8418,88.0763,20.73,21,80,3.1,NP,1712506191
321,albu kamal,34.45,40.9186,23.85,26,0,5.96,SY,1712506191
322,soja,34.6667,133.75,18.05,80,85,1.55,JP,1712506191
323,eraan,9.0629,117.7016,26.13,69,90,2.22,PH,1712506191
324,kaohsiung,22.6163,120.3133,27.97,87,40,2.57,TW,1712506191
325,nyurba,63.2842,118.3319,-7.77,88,100,3.81,RU,1712506191
326,manastirea,44.2167,26.9,18.06,55,74,4.97,RO,1712506191
327,shunyi,40.125,116.6453,12.97,44,0,1.0,CN,1712506191
328,celestun,20.8667,-90.4,30.57,53,4,3.41,MX,1712506191
329,tarumizu,31.4833,130.7,18.31,92,93,2.36,JP,1712506192
330,theniet el had,35.8711,2.0281,25.29,14,100,5.79,DZ,1712506192
331,acapulco de juarez,16.8634,-99.8901,28.9,61,0,2.06,MX,1712506119
332,braganca,-1.0536,-46.7656,28.08,81,92,1.36,BR,1712506192
333,klyuchi,52.2667,79.1667,2.95,78,100,4.29,RU,1712506192
334,nizhneangarsk,55.7833,109.55,-9.44,89,33,1.79,RU,1712505965
335,huarmey,-10.0681,-78.1522,24.51,79,99,4.39,PE,1712506192
336,balabac,7.9868,117.0645,27.75,75,100,3.41,PH,1712506192
337,zilair,52.2332,57.4392,4.25,100,100,0.6,RU,1712506193
338,parauapebas,-6.0675,-49.9022,28.99,78,75,0.0,BR,1712506164
339,south sioux city,42.4739,-96.4136,12.97,58,75,6.26,US,1712506047
340,gadzhiyevo,69.2551,33.3362,-4.98,83,100,3.78,RU,1712506193
341,safford,32.834,-109.7076,13.4,52,0,0.0,US,1712506193
342,kone,-21.0595,164.8658,21.84,87,57,2.54,NC,1712506193
343,santa cruz,-17.8,-63.1667,33.75,44,62,5.95,BO,1712506037
344,armacao de buzios,-22.7469,-41.8817,26.03,74,59,1.94,BR,1712506187
345,el granada,37.5027,-122.4694,12.67,80,75,7.2,US,1712506194
346,al mijlad,11.0333,27.7333,36.27,8,100,4.08,SD,1712506194
347,kolwezi,-10.7148,25.4667,18.95,95,99,1.48,CD,1712506194
348,alofi,-19.0595,-169.9187,23.94,100,75,4.63,NU,1712505942
349,anahuac,27.2333,-100.15,23.45,77,100,4.95,MX,1712506194
350,san jose de jachal,-30.2406,-68.7469,26.51,32,0,2.95,AR,1712506194
351,mont-dore,-22.2833,166.5833,18.99,89,100,2.83,NC,1712506172
352,illapel,-31.6308,-71.1653,23.86,34,0,2.34,CL,1712505748
353,boundiali,9.5217,-6.4869,31.25,51,100,1.25,CI,1712505950
354,contamana,-7.3333,-75.0167,32.57,50,100,1.91,PE,1712506195
355,rongelap,11.1635,166.8941,27.04,76,89,9.0,MH,1712506195
356,derebucak,37.3918,31.5092,10.51,44,82,7.83,TR,1712506195
357,benguela,-12.5763,13.4055,27.84,76,93,2.9,AO,1712506195
358,fisterra,42.9049,-9.2629,16.53,80,94,8.15,ES,1712506195
359,hammerfest,70.6634,23.6821,-2.75,74,40,6.17,NO,1712506195
360,usinsk,65.9939,57.5281,-5.52,83,100,6.71,RU,1712506188
361,tofol,5.3248,163.0078,28.25,81,100,8.71,FM,1712506195
362,howrah,22.5892,88.3103,28.0,74,40,3.09,IN,1712506196
363,codrington,-38.2667,141.9667,10.29,93,1,3.86,AU,1712506196
364,kargasok,59.0556,80.8572,-8.35,81,44,0.45,RU,1712506196
365,vila velha,-20.3297,-40.2925,28.97,75,20,5.66,BR,1712506147
366,mahdia,35.5047,11.0622,25.97,36,0,7.16,TN,1712506196
367,puerto aysen,-45.4,-72.7,11.39,71,31,2.6,CL,1712506196
368,churapcha,62.0025,132.4325,-11.84,98,100,2.35,RU,1712506197
369,fortuna,40.5982,-124.1573,9.96,97,40,0.0,US,1712506197
370,lorengau,-2.0226,147.2712,27.83,79,99,2.91,PG,1712506198
371,saint croix,17.7397,-64.7388,30.25,74,40,4.12,VI,1712506198
372,kavalerovo,44.2661,135.0572,5.86,40,35,0.89,RU,1712506198
373,timmins,48.4669,-81.3331,6.8,68,60,1.6,CA,1712506198
374,awjilah,29.1081,21.2869,26.24,19,0,6.72,LY,1712506198
375,happy valley-goose bay,53.3168,-60.3315,5.39,54,34,1.8,CA,1712506105
376,presidente medici,-11.1753,-61.9014,26.07,91,100,3.12,BR,1712506198
377,lompoc,34.6391,-120.4579,13.3,74,0,6.17,US,1712506148
378,al jawf,29.5,38.75,23.28,11,0,5.82,SA,1712506198
379,saudarkrokur,65.7461,-19.6394,-1.23,89,99,12.34,IS,1712506198
380,coquimbo,-29.9533,-71.3436,13.85,100,100,3.6,CL,1712505692
381,beledweyne,4.7358,45.2036,36.94,26,46,4.02,SO,1712506199
382,fort st. john,56.2499,-120.8529,3.18,39,41,7.44,CA,1712506029
383,bhakkar,31.6253,71.0657,28.44,14,0,3.49,PK,1712506199
384,suva,-18.1416,178.4415,26.71,78,75,2.57,FJ,1712506032
385,montalvo,-1.8,-79.3333,28.71,80,96,1.81,EC,1712506199
386,jackson,42.4165,-122.8345,7.06,88,75,0.45,US,1712506129
387,uturoa,-16.7333,-151.4333,29.16,77,100,4.12,PF,1712506199
388,baker city,44.7749,-117.8344,4.22,84,75,0.0,US,1712506051
389,new norfolk,-42.7826,147.0587,12.62,96,79,1.24,AU,1712506200
390,griffith,41.5284,-87.4237,9.73,78,100,5.14,US,1712506200
391,labytnangi,66.6572,66.4183,-4.23,95,100,6.2,RU,1712506200
392,kavaratti,10.5669,72.642,29.33,73,96,4.24,IN,1712506200
393,saint-francois,46.4154,3.9054,20.36,69,0,2.06,FR,1712506200
394,ta`u,-14.2336,-169.5144,28.58,77,74,3.8,AS,1712506200
395,chifeng,42.2683,118.9636,8.84,35,54,5.94,CN,1712506200
396,linxia chengguanzhen,35.6003,103.2064,9.89,58,39,0.22,CN,1712506200
397,vila franca do campo,37.7167,-25.4333,18.27,99,82,7.1,PT,1712506201
398,tandalti,13.0167,31.8667,34.28,10,100,4.82,SD,1712506201
399,znamenskoye,57.1281,73.8282,-4.44,86,69,3.25,RU,1712506201
400,bandarbeyla,9.4942,50.8122,27.6,74,66,4.35,SO,1712506201
401,butterworth,5.3991,100.3638,30.03,62,20,1.54,MY,1712506201
402,basco,20.4487,121.9702,27.73,82,37,7.85,PH,1712506201
403,eydhafushi,5.1033,73.0708,29.24,74,100,2.14,MV,1712506201
404,hadibu,12.65,54.0333,27.59,72,3,3.16,YE,1712506201
405,vail,32.0479,-110.712,13.44,31,0,1.79,US,1712506147
406,frenda,35.0654,1.0495,27.81,13,100,7.39,DZ,1712506202
407,acarau,-2.8856,-40.12,28.46,76,99,1.88,BR,1712506168
408,la mira,18.035,-102.3266,29.57,31,0,2.34,MX,1712506202
409,belomorsk,64.5232,34.7668,-1.44,97,100,4.05,RU,1712506202
410,urangan,-25.3,152.9,22.89,94,96,2.68,AU,1712506202
411,catriel,-37.8791,-67.7956,22.6,27,8,1.84,AR,1712505986
412,kirensk,57.7853,108.1119,-5.58,96,78,1.34,RU,1712506203
413,tippi,7.2,35.45,20.34,98,67,0.91,ET,1712506039
414,holualoa,19.6228,-155.9522,20.91,91,40,4.12,US,1712505942
415,bako,5.7833,36.5667,18.29,94,99,2.05,ET,1712506039
416,mafeteng,-29.823,27.2374,17.04,55,100,9.23,LS,1712506203
417,inhambane,-23.865,35.3833,23.77,77,99,7.53,MZ,1712506203
418,bayanaul,50.7889,75.6956,3.69,78,99,2.86,KZ,1712506203
419,ribeira brava,32.65,-17.0667,21.51,65,25,6.1,PT,1712506204
420,luling,29.9322,-90.3665,25.55,75,100,5.14,US,1712506204
421,miura,35.14,139.6192,15.89,94,90,1.61,JP,1712506204
422,kirovskiy,45.0917,133.5136,6.77,52,92,1.75,RU,1712506204
423,monte alto,-21.2611,-48.4964,30.12,46,8,3.28,BR,1712506204
424,warrensburg,38.7628,-93.7361,18.04,39,0,11.83,US,1712506205
425,ouesso,1.6136,16.0517,30.92,54,84,1.34,CG,1712506205
426,utrik,11.2278,169.8474,26.85,79,88,9.41,MH,1712506205
427,zhangjiakou,40.81,114.8794,15.37,25,100,1.28,CN,1712506205
428,inverloch,-38.6333,145.7167,15.59,82,68,5.69,AU,1712506205
429,shihezi,44.3,86.0333,15.51,36,98,2.78,CN,1712506205
430,cam ranh,11.9214,109.1591,28.98,74,75,2.06,VN,1712506205
431,coahuayana de hidalgo,18.7,-103.6583,31.68,24,75,1.93,MX,1712506206
432,sciacca,37.5082,13.0881,25.36,51,0,4.65,IT,1712506206
433,itaituba,-4.2761,-55.9836,30.47,65,96,1.68,BR,1712506206
434,revda,56.801,59.9303,1.79,91,100,2.81,RU,1712506206
435,cockburn town,21.4612,-71.1419,24.91,78,48,4.5,TC,1712506051
436,quibala,-10.7337,14.98,19.75,96,100,0.53,AO,1712506206
437,pisco,-13.7,-76.2167,24.03,73,93,3.6,PE,1712506206
438,selebi-phikwe,-21.979,27.8498,22.28,68,100,5.74,BW,1712506206
439,araguaina,-7.1911,-48.2072,30.91,61,67,1.26,BR,1712506050
440,souillac,-20.5167,57.5167,25.75,88,33,2.64,MU,1712506207
441,coyuca de catalan,18.3333,-100.65,33.53,25,2,0.53,MX,1712506207
442,bridgetown,13.1,-59.6167,30.27,66,40,7.2,BB,1712506156
443,alice springs,-23.7,133.8833,11.75,76,59,3.6,AU,1712506207
444,arkalyk,50.2486,66.9114,9.59,81,100,1.25,KZ,1712506207
445,bengkulu,-3.8004,102.2655,25.8,89,100,1.32,ID,1712506207
446,sidareja,-7.4846,108.7923,25.35,93,100,0.84,ID,1712506207
447,morada nova,-5.1067,-38.3725,31.24,62,52,1.69,BR,1712505948
448,kamina,-8.7386,24.9906,19.74,95,100,1.33,CD,1712506207
449,mwinilunga,-11.7358,24.4293,20.3,94,63,1.25,ZM,1712506208
450,schuyler,42.4167,-76.883,11.99,52,100,5.03,US,1712506208
451,dunedin,-45.8742,170.5036,11.0,99,93,1.34,NZ,1712505986
452,palikir - national government center,6.9248,158.1611,26.41,83,75,2.06,FM,1712506208
453,pangody,65.85,74.4859,-5.13,81,100,12.41,RU,1712506208
454,saldanha,-33.0117,17.9442,17.97,72,99,10.42,ZA,1712506104
455,uhrichsville,40.3931,-81.3465,12.28,47,0,0.0,US,1712506053
456,slave lake,55.2834,-114.769,5.91,63,100,0.27,CA,1712506208
457,penalva,-3.2942,-45.1736,25.92,91,98,0.99,BR,1712505924
458,island harbour,50.724,-1.2758,15.26,71,98,4.47,GB,1712506209
459,beyneu,45.3167,55.2,14.53,33,39,6.15,KZ,1712506209
460,monmouth,40.3001,-74.1663,12.86,52,100,5.66,US,1712506209
461,queenstown,-31.8976,26.8753,13.4,97,100,3.55,ZA,1712506209
462,vinales,22.6164,-83.7078,26.55,33,0,2.91,CU,1712506209
463,kudahuvadhoo,2.6708,72.8944,29.22,75,99,2.15,MV,1712506209
464,cozumel,20.5083,-86.9458,29.04,58,0,5.14,MX,1712506175
465,itoman,26.1247,127.6694,22.21,94,75,2.06,JP,1712506209
466,mahina,-17.5065,-149.489,26.87,74,20,1.03,PF,1712506210
467,paracatu,-17.2222,-46.8747,28.69,52,6,3.75,BR,1712506210
468,torrijos,39.9819,-4.2835,23.37,49,17,6.92,ES,1712506210
469,northam,51.0333,-4.2167,13.55,93,91,10.75,GB,1712506210
470,shengli,37.4564,118.4856,18.82,41,100,2.29,CN,1712506210
471,rochester,43.1548,-77.6156,12.08,58,20,3.6,US,1712506146
472,qulsary,46.9531,54.0198,12.66,51,73,5.83,KZ,1712506210
473,tura,25.5198,90.2201,26.68,52,82,4.19,IN,1712506211
474,quellon,-43.1167,-73.6167,10.52,86,100,1.72,CL,1712506211
475,placido de castro,-10.3353,-67.1856,25.83,85,100,1.8,BR,1712505999
476,laguna,38.421,-121.4238,12.27,81,0,0.0,US,1712506211
477,zhezqazghan,47.7833,67.7667,14.32,44,40,3.0,KZ,1712506041
478,namibe,-15.1961,12.1522,24.12,77,77,4.63,AO,1712506211
479,dinguiraye,11.3,-10.7167,39.09,17,70,3.01,GN,1712506211
480,rabaul,-4.1967,152.1721,26.18,88,100,5.16,PG,1712506212
481,paita,-5.0892,-81.1144,24.55,69,66,4.08,PE,1712506028
482,koundara,12.4833,-13.3,41.9,11,97,1.3,GN,1712505938
483,undurkhaan,47.3194,110.6556,3.73,60,72,3.21,MN,1712506212
484,suances,43.4334,-4.0434,16.73,95,20,3.6,ES,1712506212
485,moyale,3.5167,39.0584,23.77,72,93,3.11,KE,1712506212
486,vernon,50.2581,-119.2691,7.56,63,5,1.54,CA,1712505914
487,tazacorte,28.629,-17.9293,21.54,70,40,4.63,ES,1712506212
488,semnan,35.5729,53.3971,21.98,25,100,5.73,IR,1712506212
489,mossel bay,-34.1831,22.146,15.96,90,100,15.13,ZA,1712506213
490,puerto baquerizo moreno,-0.9,-89.6,29.55,70,20,5.14,EC,1712506208
491,helong,42.5397,128.9972,8.66,50,1,2.58,CN,1712506213
492,weleri,-6.9713,110.0666,29.94,83,80,1.47,ID,1712506213
493,eirunepe,-6.6603,-69.8736,29.8,64,100,1.43,BR,1712506213
494,aransas pass,27.9095,-97.15,27.0,82,75,3.6,US,1712506213
495,santa eularia des riu,38.9846,1.5341,19.95,73,0,1.54,ES,1712506155
496,pechora,65.1472,57.2244,-2.86,93,99,7.15,RU,1712505989
497,kyabe,9.4515,18.9449,33.24,39,42,4.66,TD,1712506213
498,tongouson,5.0214,120.1328,27.47,82,99,2.48,PH,1712506214
499,uige,-7.6087,15.0613,22.34,94,91,1.17,AO,1712506214
500,boise,43.6135,-116.2035,7.25,82,20,1.54,US,1712505915
501,dawson creek,55.7666,-120.2362,3.13,35,57,7.48,CA,1712506061
502,palasa,18.7667,84.4167,29.35,59,64,2.64,IN,1712506214
503,cabedelo,-6.9811,-34.8339,33.37,67,51,4.96,BR,1712506181
504,bhaisa,19.1,77.9667,34.52,23,91,2.63,IN,1712506214
505,gracemere,-23.4333,150.45,21.95,94,100,2.57,AU,1712506215
506,plettenberg bay,-34.0527,23.3716,17.77,92,93,8.95,ZA,1712506045
507,ritchie,-29.038,24.6028,17.64,83,87,5.19,ZA,1712506215
508,faya-largeau,17.9257,19.1043,36.13,8,52,7.16,TD,1712506215
509,longjiang,47.3303,123.1836,-3.71,36,23,4.64,CN,1712506215
510,strezhevoy,60.7333,77.5889,-5.58,73,37,2.24,RU,1712506216
511,berdigestyakh,62.0989,126.6992,-18.51,100,96,1.41,RU,1712506216
512,raja,8.4596,25.678,29.16,45,98,1.22,SS,1712506216
513,dalandzadgad,43.5708,104.425,11.26,25,81,3.33,MN,1712506216
514,doullens,50.1572,2.3402,17.28,78,85,6.56,FR,1712506217
515,tabuk,17.4189,121.4443,25.44,80,99,1.16,PH,1712506190
516,fada n'gourma,12.0622,0.3578,37.69,26,100,4.91,BF,1712506217
517,caleta de carquin,-11.0925,-77.6267,23.98,79,99,3.96,PE,1712506217
518,kokshetau,53.2775,69.3883,1.18,93,100,7.0,KZ,1712506217
519,senanga,-16.1167,23.2667,20.98,89,99,4.84,ZM,1712506217
520,kirakira,-10.4544,161.9205,26.94,88,100,2.46,SB,1712506217
521,'ali sabieh,11.1558,42.7125,25.56,68,15,7.5,DJ,1712506217
522,siwa oasis,29.2041,25.5195,27.03,17,0,5.81,EG,1712506218
523,rundu,-17.9333,19.7667,28.66,36,95,1.84,NA,1712506218
524,galle,6.0367,80.217,28.15,78,99,1.08,LK,1712506218
525,yeppoon,-23.1333,150.7333,21.88,90,97,2.91,AU,1712506218
526,yamba,-5.9,22.3,23.6,92,99,1.24,CD,1712506218
527,papao,-17.75,-149.55,26.82,78,100,3.43,PF,1712506218
528,apucarana,-23.5508,-51.4608,27.07,42,40,3.67,BR,1712506141
529,nehe,48.4833,124.8333,-6.08,39,64,6.21,CN,1712506219
530,aldinga beach,-35.2793,138.4604,15.42,80,58,2.08,AU,1712506219
531,keetmanshoop,-26.5833,18.1333,21.38,24,5,7.4,NA,1712506219
532,fairfield,41.2668,-73.3162,10.21,53,100,4.12,US,1712506109
533,wang nam yen,13.5033,102.1812,28.35,75,52,3.15,TH,1712506219
534,peace river,56.2501,-117.286,3.17,76,20,4.63,CA,1712505988
535,gizo,-8.103,156.8419,27.08,83,100,6.69,SB,1712506219
536,gondar,12.6,37.4667,24.48,23,100,3.9,ET,1712506219
537,villa gesell,-37.2639,-56.973,23.18,54,3,5.69,AR,1712506134
538,avanigadda,16.0215,80.9181,28.86,73,3,5.61,IN,1712506182
539,shambu,9.5667,37.1,18.21,47,91,1.26,ET,1712506220
540,mukalla,14.5425,49.1242,27.14,64,6,1.4,YE,1712506220
541,reggane,26.7158,0.1714,39.55,5,0,1.89,DZ,1712506220
542,chandler,33.3062,-111.8412,17.8,37,0,2.68,US,1712506086
543,alexandria,31.2156,29.9553,21.3,70,0,6.66,EG,1712505956
544,broome,42.2506,-75.833,11.21,49,0,5.14,US,1712506221
545,gordonvale,-17.0936,145.7842,26.06,100,94,1.51,AU,1712506221
546,broadstairs,51.3591,1.4394,15.98,58,100,5.36,GB,1712506221
547,warrnambool,-38.3833,142.4833,11.85,89,3,4.3,AU,1712506221
548,gisborne,-38.6533,178.0042,10.44,90,11,3.13,NZ,1712506071
549,sao vicente,-23.9631,-46.3919,31.82,54,67,3.13,BR,1712506221
550,nica,43.7031,7.2661,20.53,70,0,3.09,FR,1712506222
551,misratah,32.3754,15.0925,21.73,39,0,3.88,LY,1712506222
552,daru,-9.0763,143.2092,27.63,83,99,2.34,PG,1712506218
553,marondera,-18.1853,31.5519,17.35,87,70,2.41,ZW,1712506222
554,shimabara,32.7833,130.3667,17.84,90,100,1.14,JP,1712506222
555,el abiodh sidi cheikh,32.893,0.5484,29.94,10,100,7.63,DZ,1712506223
556,i-n-salah,27.1935,2.4607,40.2,5,8,2.45,DZ,1712505939
557,isangel,-19.55,169.2667,23.94,84,100,2.71,VU,1712506067
558,myanaung,18.2833,95.3167,31.13,54,1,2.67,MM,1712506223
559,kas,36.2018,29.6377,19.76,51,100,2.23,TR,1712506223
560,khairpur mir's,27.5295,68.7617,29.0,10,0,0.94,PK,1712506223
561,seydi,39.4816,62.9137,22.22,23,78,3.29,TM,1712506223
562,usogorsk,63.4106,48.6872,-2.41,95,100,2.58,RU,1712506224
563,kharp,66.8014,65.8081,-4.6,95,100,4.51,RU,1712506224
564,valparaiso,-33.0393,-71.6273,25.08,60,0,4.12,CL,1712506224
565,vorkuta,67.5,64.0,-7.16,87,100,6.71,RU,1712506013
566,santa maria del rio,21.8,-100.75,25.03,21,38,3.42,MX,1712506224
567,taichung,24.1469,120.6839,24.5,86,75,2.06,TW,1712505949
